{
  "initialization_time_control": 0.10536980628967285,
  "execution_time_control": 177.29307198524475,
  "total_time": 177.39844179153442
}