{
  "initialization_time_control": 0.10745120048522949,
  "execution_time_control": 95.13045072555542,
  "total_time": 95.23790192604065
}