{
  "initialization_time_control": 0.15443968772888184,
  "execution_time_control": 121.41206336021423,
  "total_time": 121.56650304794312
}