{
  "initialization_time_control": 0.11319613456726074,
  "execution_time_control": 59.81088161468506,
  "total_time": 59.92407774925232
}