{
  "initialization_time_control": 0.14829587936401367,
  "execution_time_control": 36.60329794883728,
  "total_time": 36.751593828201294
}