{
  "initialization_time_control": 0.1264357566833496,
  "execution_time_control": 90.11070132255554,
  "total_time": 90.23713707923889
}