{
  "initialization_time_control": 0.15515685081481934,
  "execution_time_control": 142.19752883911133,
  "total_time": 142.35268568992615
}