{
  "initialization_time_control": 0.42985033988952637,
  "execution_time_control": 73.68172860145569,
  "total_time": 74.11157894134521
}