{
  "initialization_time_control": 0.11420869827270508,
  "execution_time_control": 52.90261650085449,
  "total_time": 53.0168251991272
}