{
  "initialization_time_control": 0.11340665817260742,
  "execution_time_control": 59.735880851745605,
  "total_time": 59.84928750991821
}