{
  "initialization_time_planning": 0.13346266746520996,
  "execution_time_planning": 38.29659700393677,
  "total_time": 38.43005967140198
}