{
  "initialization_time_planning": 0.13558340072631836,
  "execution_time_planning": 37.42399477958679,
  "total_time": 37.55957818031311
}