{
  "initialization_time_planning": 0.14264965057373047,
  "execution_time_planning": 36.35696744918823,
  "total_time": 36.49961709976196
}