{
  "initialization_time_control": 0.15078234672546387,
  "execution_time_control": 175.89072465896606,
  "total_time": 176.04150700569153
}