{
  "initialization_time_control": 0.15802216529846191,
  "execution_time_control": 35.51420211791992,
  "total_time": 35.672224283218384
}