{
  "initialization_time_control": 0.11513090133666992,
  "execution_time_control": 19.047104120254517,
  "total_time": 19.162235021591187
}