{
  "initialization_time_control": 0.1105198860168457,
  "execution_time_control": 38.70693230628967,
  "total_time": 38.81745219230652
}