{
  "initialization_time_control": 0.11423349380493164,
  "execution_time_control": 77.52999877929688,
  "total_time": 77.6442322731018
}